<library path="rqt_plansys2_performers">
  <class name="rqt_plansys2_performers/RQTPerformers" type="rqt_plansys2_performers::RQTPerformers" base_class_type="rqt_gui_cpp::Plugin">
    <description>
      A GUI plugin to view PlanSys2 Performers
    </description>
    <qtgui>
      <group>
        <label>PlanSys2</label>
        <icon type="theme">applications-accesories</icon>
        <statustip>PlanSys2 Plugins.</statustip>
      </group>
      <label>rqt Performers</label>
      <icon type="theme">utilities-system-monitor</icon>
      <statustip>A GUI plugin for viewing Performers.</statustip>
    </qtgui>
  </class>
</library>